ab,,Ab morgen muss ich arbeiten.
aber,,"Ich bin oft im Büro, aber nur für wenige Stunden."
abfahren,出发,Wir fahren um zwölf Uhr ab.
die Abfahrt,开出，出发,Vor der Abfahrt rufe ich an.
abgeben,交给,Ich muss meine Schlüssel abgeben.
abholen,接，拿，取,Wann kann ich den Schrank bei dir abholen?/Wir müssen noch meinen Bruder abholen.
der Absender,,Da ist ein Brief für dich ohne Absender.
Achtung,注意,Achtung! Das dürfen Sie nicht tun.
"die Adresse,-en",,Können Sie mir seine Adresse sagen?
all-,,Alles Gute! Das ist alles. Sind alle da? Alle Freunde kommen. Hast du alles?
allein,单独,Er kommt allein.
also,这样,"Also, es ist so: … Er hat Zeit, also muss er uns helfen."
alt,,Wie alt sind Sie? Sie sehen aber nicht so alt aus. Mein Auto ist schon sehr alt.Wir wohnen in einem sehr alten Haus. Köln ist eine alte Stadt.
das Alter,,Alter: 26 Jahre.
an,,Fahren Sie an der nächsten Straße nach rechts. Wir treffen uns am Bahnhof. Am nächsten Montag geht es leider nicht.
anbieten,,Was darf ich dir anbieten?
"das Angebot, -e",,Heute sind Sportschuhe im Angebot.
ander-,不同，另一个,"WiIlst du diese Jacke? – Nein, ich möchte die andere"
anfangen,开始，着手,Hier fängt die Bahnhofstraße an. Der Unterricht（课程） fängt gleich an.
der Anfang,开端开头,Sie wohnt am Anfang der Straße./Wir machen Anfang Juli Urlaub.
anklicken,点击,Da musst du dieses Wort anklicken.
ankommen,到，到达，来到,Wann kommt dieser Zug in Hamburg an?
die Ankunft,到达，来到,Auf diesem Plan steht nur die Ankunft(-szeit) der Züge.
ankreuzen,,Auf dem Formular müssen Sie an mehreren Stellen etwas ankreuzen.
anmachen,打开,Mach bitte das Licht an!
(sich) anmelden,登记,Wo kann ich mich anmelden?
die Anmeldung,,Eine Anmeldung für diesen Kurs ist nicht mehr möglich.
die Anrede,称呼,Schreiben Sie auch eine Anrede und einen Gruß.
anrufen,打电话,Kann man Sie anrufen?可以给您打电话吗/Peter ruft kurz seine Freundin an.
"der Anruf, -e",,Sie bekommt viele Anrufe auf ihrem Handy.
der Anrufbeantworter,电话应答装置,"Wir sind im Moment nicht da. Sprechen Sie bitte auf
 den Anrufbeantworter."
"die Ansage, -n",宣布，公告,Hören Sie die Ansagen.
der Anschluss,连接,In Mannheim haben Sie Anschluss nach Saarbrücken. Ist das die Anmeldung für einen Telefonanschluss?
an sein,,Heute Nacht war das Licht an.今晚灯亮了
antworten,,Er antwortet nicht.
"die Antwort, -en",,Er gibt leider keine Antwort.
"die Anzeige, -n",报告，通告，广告,Ich habe Ihre Anzeige in der Zeitung gelesen.
(sich) anziehen,穿上,Ich muss mich noch anziehen. 
"das Apartment, -s",公寓房间,Wir haben ein Apartment gemietet. 我们租了一件公寓
"der Apfel, -Ä",,Ein Pfund Äpfel bitte.
der Appetit,,Guten Appetit!
arbeiten,,Wo arbeiten Sie?
"die Arbeit, -en",,Mein Bruder sucht Arbeit.
arbeitslos,失业,"Es gibt bei uns viele Leute, die schon lange arbeitslos sind."
"der Arbeitsplatz, -ä, e",工作岗位,An meinem Arbeitsplatz fehlt ein Drucker.
"der Arm, -e",,Mein Arm tut weh.
"der Arzt, -Ä, e",,Morgen habe ich einen Termin bei meiner Ärztin.
auch,,Ich bin auch Spanier.
auf,,Die Kinder spielen auf der Straße./Auf Wiedersehen./Wie heißt das auf Deutsch?
"die Aufgabe, -n",任务,Das ist eine schwere Aufgabe.
aufhören,停止，终止,Der Kurs hört in einer Woche auf.课程一周内停止/Hier hört die Bahnhofstraße auf.
auf sein,向上，往上，打开，开着,Du brauchst den Schlüssel nicht. Die Wohnung ist auf.
aufstehen,站立，起床,Ich muss immer um vier Uhr aufstehen./Soll ich aufstehen?
"der Aufzug, -ü, e",,In diesem Haus gibt es keinen Aufzug.
"das Auge, -n",,Er hat blaue Augen
aus,,Er kommt aus Brasilien.
der Ausflug,"出游,郊游,远足",Morgen machen wir einen Ausflug nach Heidelberg.
ausfüllen,,Füllen Sie bitte dieses Formular aus.
der Ausgang,出口，出口处,Wo ist der Ausgang?
"die Auskunft, -ü, e",答复，消息,Können Sie mir eine Auskunft geben?
das Ausland,外国，国外,Fahren Sie ins Ausland?
"der Ausländer, -",外国人,SInd Sie Ausländerin?
ausländisch,外国的,Leider habe ich nur ausländisches Geld.
ausmachen,关掉,Mach bitte das Licht aus!请关灯
"die Aussage, -n",陈述，意见,Ist die Aussage richtig oder falsch?
aussehen,外观，好像,Das sieht schön aus.
aus sein,,Das Licht ist aus. /Die Schule ist aus.
aussteigen,下车，下船,Wo muss ich aussteigen?
der Ausweis,,Hier ist mein Ausweis.
"das Auto, -s",,Er kommt mit dem Auto.
"die Autobahn, -en",高速公路,Wo geht‘s hier bitte zur Autobahn?
der Automat,自动售货机,Die Fahrkarten gibt es nur am Automaten.
automatisch,自动的,Du musst nichts machen. Das geht automatisch.
"das Baby, -s",,Mein Kind ist noch ein Baby.
die Bäckerei,,Ich geh mal schnell zur Bäckerei.
das Bad,,Wir haben kein großes Bad.
die Bahn,道，轨道,Wir fahren lieber mit der Bahn./Ich nehme die nächste Bahn.
der Bahnhof,,Komme ich hier zum Bahnhof?
der Bahnsteig,站台,Auf welchem Bahnsteig führt der Zug?
bald,不久，很快,Ich komme bald.
der Balkon,,Die Wohnung hat auch einen kleinen Balkon.
"die Banane, -n",,"Drei Bananen, bitte!"
die Bank,银行。长椅,Die Bank schließt schon um vier Uhr./Er sitzt im Park auf einer Bank und liest.
bar,纯粹的，现金的,Muss ich bar zahlen oder geht‘s auch mit Karte?
der Bauch,,Seit gestern tut mir der Bauch weh.
"der Baum, -ä, e",,"Vorsicht, fahr nicht an den Baum!"
"der Beamte, -n",公职人员，官员,Fragen Sie die Beamtin an Schalter acht!
bedeuten,意思是,Was bedeutet das Wort?
beginnen,,Das Spiel beginnt um 15.30 Uhr.
bei,,Offenbach liegt bei Frankfurt./Ich wohne bei meinen Eltern./Bei uns regnet es heute./Er arbeitet bei der Polizei.
beide,两个，双方,Beide Eltern arbeiten./Wir kommen beide.
"das Bein, -e",,Mein rechtes Bein tut weh.
"das Beispiel, -e",例子,Kannst du mir ein Beispiel sagen?
zum Beispiel/z. B.,,"Viele meiner Verwandten, z. B. meine beiden Brüder, arbeiten auch hier."
bekannt,知名的，熟悉的,Picasso ist sehr bekannt.
"der/die Bekannte, -n",熟人,Ein Bekannter von mir heißt Klaus.
bekommen,得到，收到,Haben Sie meinen Brief bekommen?/Was bekommen Sie?/Dieses Medikament bekommen Sie in der Apotheke.
benutzen,使用，利用,Die Aufzüge bitte nicht benutzen!请不要使用电梯
"der Beruf, -e",,Was sind Sie von Beruf?Was ist Ihr Beruf?
besetzt,占用,Die Nummer ist immer besetzt./Der Platz ist besetzt.
besichtigen,参观,Ich möchte gern den Dom besichtigen。Dom 大教堂
besser,,Es geht mir schon besser.
best-,,Am besten treffen wir uns morgen.
bestellen,订购，预定,"Wir möchten bestellen, bitte./Dieses Buch haben wir nicht – sollen wir es für Sie bestellen?"
besuchen,拜访，访问,Darf ich dich besuchen?
"das Bett, -en",,Wir brauchen noch ein Kinderbett.
bezahlen,支付，偿还,Wo muss ich bezahlen?
das Bier,,Noch ein Bier bitte.
"das Bild, -er",图片，画，照片,Hast du ein Bild von deinem Sohn?
billig,,Die Jacke kostet nur 10 Euro! Die ist aber billig!
"die Birne, -n",梨，灯泡,"Ein Kilo Birnen, bitte!"
bis,到…为止，直到,Ich fahre nur bis Stuttgart./Ich warte bis morgen.
bisschen,,"Ich spreche Englisch, Französisch und ein bisschen Deutsch."
bitte,,"Eine Tasse Kaffee, bitte!/Sprechen Sie bitte leise!"
"die Bitte, -n",请求,Ich habe noch eine Bitte.
bitten,恳请，请求,Darf ich Sie um etwas bitten?
bitter,苦，十分,Der Kaffee schmeckt bitter.
bleiben,停留，逗留,Ich bleibe heute zu Hause./Wir bleiben nur bis morgen.
"der Bleistift, -e",,Hast du einen Bleistift?
der Blick,目光，眼神，景色,Von diesem Hotel hat man einen guten Blick auf den Rhein.
"die Blume, -n",,Gefallen dir die Blumen?
der Bogen,曲线，弯路，张，页（纸）,Schreiben Sie Ihre Lösungen bitte auf den Antwortbogen.
böse,坏的，不好的，生气,Sie ist böse auf mich.
brauchen,,Brauchst du die Zeitung noch?
breit,宽，平,Wie breit ist der Schrank?
"der Brief, -e",信,Haben Sie einen Brief für mich?
"die Briefmarke, -n",邮票,Kaufst du bitte Briefmarken bei der Post.
bringen,拿来，传达，陪同，带来,Bringen Sie mir bitte noch einen Kaffee!/Wir müssen ihn zum Arzt bringen.
"das Brot, -e",,Haben Sie auch Weißbrot?/Nimm noch ein paar Brote für die Fahrt mit.
"das Brötchen, –",,Möchtest du Brötchen zum Frühstück?
"der Bruder, -ü",,Sein Bruder arbeitet auch hier.
"das Buch, -ü, er",,Gute Bücher sind oft sehr teuer./In diesem Wörterbuch finden Sie mehr als 20.000 Wörter.
"der Buchstabe, -n",字母,Diesen Buchstaben gibt es in meiner Sprache nicht.
buchstabieren,拼写，拼读,Bitte buchstabieren Sie Ihren Namen.
"der Bus, -se",,Wann kommt der nächste Bus?
die Butter,,Für mich bitte ein Brötchen mit Butter und Käse.
"das Café, -s",,Sollen wir uns im Café treffen?
"die CD, -s",,Bring bitte deine Lieblings-CD mit.
der Chef,,Wir haben eine neue Chefin.
circa/ca.,大约,Von Mainz nach Frankfurt sind es circa fünfzig Kilometer.
"der Computer, –",,Wann bekommst du deinen neuen Computer?
da,,Da hinten ist er ja./Wir sprechen gerade über Paul. Da kommt er ja gerade./Ich nehme das da./Ist Herr Klein schon da?
"die Dame, -n",,Damen (an der Toilette)/Sehr geehrte Damen und Herren!
daneben,在旁边,Du kennst doch die Post. Daneben ist die Bank.
danken,感谢，答谢,Ich danke Ihnen für die Einladung.
der Dank,,Vielen Dank!/Herzlichen Dank!
danke,谢谢,"Soll ich Ihnen helfen? - Nein, danke!"
dann,,"Ich muss noch schnell zur Post, dann komme ich."
das Datum,,Bitte schreiben Sie noch das Datum auf das Formular.
dauern,持续，坚持,Wie lange dauert der Film?
dein-,,Ist das dein Auto?/Ist das deins?
denn,,"Ich kann nicht kommen, denn ich bin krank."
"der, die, das",,"Ich nehme das da./Hier ist der Brief, den du suchst./Die Fahrkarte bekommst du am Bahnhof."
dich,,Die Blumen sind für dich.
dies-,,Ich nehme lieber diesen Kuchen.
dir,,Gefallen dir die Blumen?
die Disco,,Heute abend gehen wir in die Disco tanzen.
der Doktor,,Meine Tochter ist krank. Wir gehen zum Doktor.
das Doppelzimmer,双人房，标间,Wollen Sie ein Doppelzimmer oder ein Einzelzimmer?
"das Dorf, -ö, er",乡村,Meine Familie lebt in einem Dorf.
"dort, -her, -hin",,Deine Tasche kannst du dorthin stellen./Dort ist unser Haus.
draußen,外面，远方,Wollen wir draußen sitzen?
drucken,印刷，打印,Bitte drucke das Formular für mich.
"der Drucker, –",,Mein Drucker ist kaputt.
drücken,压，挤压，按,"Drück hier, dann geht der Computer an."
durch,,Am besten gehen Sie durch die Breite Straße.
"die Durchsage, -n",广播通知，电话通知,Ich habe die Durchsage nicht verstanden.
dürfen,,Sie dürfen hier nicht rauchen./Darf ich Sie zu einem Kaffee einladen?/Es darf nicht mehr als 15 Euro kosten.
der Durst,口渴，渴望,Hast du etwas zu trinken? Ich habe großen Durst.
(sich) duschen,淋浴,"Ich bade nicht so gern, ich dusche lieber."
die Dusche,淋浴，淋浴装置,Unsere Wohnung hat nur eine Dusche.
"die Ecke, -n",角，角落,An der nächsten Ecke links.
"die Ehefrau, -en/",,
"der Ehemann, ä, er",,Das ist mein (Ehe-) Mann/meine (Ehe-) Frau.
"das Ei, -er",,Möchtest du ein Ei zum Frühstück?
eilig,紧急的，匆忙的,Hast du es eilig?
ein-,,"Ich nehme ein Bier. Willst du auch eins?/Ist hier einer, der das kann?"
einfach,简单，容易，单一,"Die Prüfung ist ganz einfach./Hin und zurück? – Nein, bitte nur einfach./Ich brauche nur ein einfaches Zimmer."
der Eingang,入口,Der Eingang ist um die Ecke.
einkaufen,采购，买东西,Ich muss noch für morgen einkaufen.
einladen,,Darf ich Sie zu einem Kaffee einladen?
die Einladung,,Danke für die Einladung!
einmal,一次,Diese Prüfung mache ich nicht noch einmal.
einsteigen,登上,"Schnell, steig ein, der Zug fährt gleich."
der Eintritt,入场，加入,Der Preis für den Eintritt ist 5 Euro.
das Einzelzimmer,单人房间,Haben Sie noch ein Einzelzimmer?
die Eltern (pl.),,Meine Eltern leben in Spanien.
"die E-Mail, -s",,Ich habe Ihre E-Mail nicht bekommen.
"der Empfänger, –",收件人,"Auf dem Brief steht dein Name, also bist du der Empfänger."
empfehlen,介绍，推荐,Welchen Wein können Sie mir empfehlen?
enden,到头，结束,Die Straße endet hier.
das Ende,,Sie wohnt am Ende der Straße./Er bekommt sein Geld am Ende des Monats.
entschuldigen,,Entschuldigen Sie bitte!
die Entschuldigung,,Entschuldigung! – Bitte.
er,,Er heißt Ali.
"das Ergebnis, -se",结果，成绩,Das Ergebnis des Tests bekommen Sie in zwei Wochen.
erklären,说明，解释,Kannst du mir das erklären?
erlauben,允许，同意,Rauchen ist hier nicht erlaubt.
"der Erwachsene, -n",成年人,Dieser Film ist nur für Erwachsene.
erzählen,讲述，告知,Wir müssen euch etwas erzählen!
es,,Es regnet.
essen,,Was gibt es zu essen?
das Essen,,Das Essen ist heute sehr gut.
euer,,Euer Kurs beginnt heute.
fahren,,Ich fahre mit dem Auto zur Arbeit.
der Fahrer,驾驶员,Bitte nicht mit dem Fahrer sprechen!
"die Fahrkarte, -n",票,Hast du schon eine Fahrkarte?
"das Fahrrad, -ä, er",,Fährst du mit dem Fahrrad oder mit dem Auto?
falsch,,Das ist falsch.
"die Familie, -n",,Meine Familie lebt in Spanien.
der Familienname,,Meine Familiennamen sind García González.
der Familienstand,婚姻状况,Bei Familienstand musst du ledig ankreuzen.
"die Farbe, -n",,Die Farbe gefällt mir gut.
"das Fax, -e",,Schicken Sie uns einfach ein Fax!
Feier-,纪念，庆祝,"z. B. Feierabend, Feiertag/Am Montag ist Feiertag."
feiern,,Wir feiern heute meinen Geburtstag.
fehlen,,"Herr Müller ist nicht da, er fehlt schon seit drei Tagen./Was fehlt Ihnen?"
"der Fehler, –",错误，偏差,Diesen Fehler mache ich immer.
fernsehen,,Wollen wir heute Abend mal fernsehen?
fertig,完成，准备好,Bist du fertig?/Ist mein Auto schon fertig?
das Feuer,火,Haben Sie Feuer?
das Fieber,,Mein Mann hat noch immer Fieber.
"der Film, -e",,Ich möchte gern diesen Film sehen.
finden,找到，捡到,Wir müssen den Schlüssel finden.
die Firma,,Er arbeitet jetzt bei einer anderen Firma.
"der Fisch, -e",,Ich esse gern Fisch. Fleisch mag ich nicht.
"die Flasche, -n",,"Eine Flasche Bier, bitte."
das Fleisch,,Fleisch mag ich nicht.
fliegen,飞行,Ich fliege nicht gern. Deshalb fahre ich mit dem Zug.
abfliegen,起飞，飞走,Wann fliegst du ab?
der Abflug,起飞，飞走,Der Abflug ist um 11.20 Uhr.
der Flughafen,,Kannst du mich zum Flughafen bringen?
das Flugzeug,飞机,Das Flugzeug aus Berlin kommt heute später an.
"das Formular, -e",,Sie müssen dieses Formular ausfüllen.
"das Foto, -s",,Darf ich ein Foto machen?
fragen,问，打听,Er möchte Sie etwas fragen. Wann kommen Sie?
"die Frage, -n",,Ich habe eine Frage.
"die Frau, -en",,"Das ist Frau Becker./Guten Tag, Frau Schmitt!/Hier arbeiten mehr Frauen als Männer."
frei,,Ist der Platz noch frei?
die Freizeit,,In meiner Freizeit spiele ich oft Fußball.
fremd,外国，别人，陌生人,Das weiß ich nicht; ich bin fremd hier.
(sich) freuen,感到高兴，期待,Ich freue mich auf den Urlaub.
"der Freund, -e",,Das ist ein Freund von mir./Das ist meine Freundin.
früher,以前，过去,Früher waren wir oft zusammen im Kino.
frühstücken,吃早饭,Am Sonntag frühstücke ich gern im Bett.
das Frühstück,,Möchtest du ein Ei zum Frühstück?
die Führung,领导，导游，游览,Die Führung durch das Haus beginnt in 3 Minuten.
für,,Das ist für Sie./Das ist der Schlüssel für die Haustür./Das ist das Brot für morgen.
"der Fuß, -ü, e",,Der linke Fuß tut mir weh.
der Fußball,,Spielt ihr gerne Fußball?
der Garten,,Wir haben leider keinen Garten.
"der Gast, -ä, e",,Am Wochenende haben wir mehrere Gäste.
geben,给，赠与,Kannst du mir bitte deinen Kugelschreiber geben?/Es gibt keine Karten mehr.
geboren,,Ich bin in Zagreb geboren.
das Geburtsjahr,,"Das Geburtsjahr Ihres Sohnes, bitte?"
der Geburtsort,出生地,Bitte schreiben Sie Ihren Geburtsort auf das Formular.
der Geburtstag,,Herzlichen Glückwunsch zum Geburtstag!
gefallen,,Das gefällt mir.
gegen,朝，向,Fahr nicht gegen den Baum!/Ich bin gegen diese Lösung./Wer spielt gegen wen?
gehen,,"Ich weiß nicht, wie das geht./Wie geht‘s?/Jetzt muss ich (aber) leider gehen./Ich muss zum Arzt gehen./Das geht nicht!"
gehören,属于,Wem gehört das?
das Geld,,Hast du noch Geld?
das Gemüse,,Gemüse brauchen wir auch noch.
das Gepäck,行李，包裹,Wollen Sie Ihr Gepäck mitnehmen?
gerade,,Da kommt er ja gerade.
geradeaus,,Gehen Sie immer geradeaus!
gern(e),,Ich gehe gerne einkaufen.
"das Geschäft, -e",销售，生意,Die Geschäfte schließen um 18.30 Uhr.
"das Geschenk, -e",礼物，礼品,Danke für das schöne Geschenk.
die Geschwister (pl.),,Ich habe leider keine Geschwister.
"das Gespräch, -e",谈话,Das Gespräch mit Frau Kunz ist um 14 Uhr.
gestern,,Gestern war ich krank.
gestorben,去世,Meine Frau ist gestern gestorben.
"das Getränk, -e",,Mein Lieblingsgetränk ist Tomatensaft.
das Gewicht,重量,Bei Gewicht schreibst du: 62 Kilo.
gewinnen,得到，胜利,Wer gewinnt das Spiel?
"das Glas, -ä, er",,Bitte noch ein Glas Wein!/Wir brauchen noch drei Gläser.
glauben,以为，相信,"Sie können mir glauben, es ist so./Ich glaube, er kommt gleich."
gleich,一样。立即,Das ist mir gleich./Das ist der gleiche Preis./Ich komme gleich.
"das Gleis, -e",,Der ICE nach Berlin hält heute an Gleis 12.
das Glück,幸福，运气,Viel Glück!
glücklich,幸福的,Meine Kinder sind glücklich verheiratet.
der Glückwunsch,庆祝，祝贺,Herzlichen Glückwunsch zum Geburtstag.
Grad (Celsius),度数,Heute haben wir dreißig Grad.
gratulieren,,Ich gratuliere dir!
grillen,烧烤,Heute grillen wir im Garten.
groß,,Mein Bruder und ich sind gleich groß./Frankfurt ist eine große Stadt.
die Größe,,Haben Sie das auch in Größe 40?
die Großeltern (pl.),,Meine Großeltern leben in Japan.
die Großmutter,,Meine Großmutter heißt Eva.
der Großvater,,Mein Großvater ist schon 80.
"die Gruppe, -n",团体，组,Die erste Gruppe beginnt um 16 Uhr.
"der Gruß, -ü, e",,Viele Grüße an Ihre Frau./Mit freundlichen Grüßen
gültig,通用的，有效的,Der Pass ist nicht mehr gültig.
günstig,好意的，便宜的,Dort gibt es günstige Angebote.
gut,,Das finde ich gut./Ich komme um 13 Uhr. – Gut!/Guten Morgen!/Ein gutes neues Jahr!/Guten Appetit!
"das Haar, -e",毛，头发,Sie hat lange Haare.
haben,,Ich habe ein neues Auto.
"das Hähnchen, -",小鸡,Ein Hähnchen mit Pommes bitte!
die Halbpension,半食宿,Möchten Sie Vollpension oder Halbpension?
die Halle,大厅,Wir treffen uns in Halle B
hallo,,Hallo Inge! Wie geht’s?
halten,拿着 ，保持，停,Dieser Zug hält nicht in Rüdesheim.
die Haltestelle,,An der nächsten Haltestelle müssen Sie aussteigen.
"die Hand, -ä, e",,Er gibt mir die Hand.
"das Handy, -s",,In der Schule bitte die Handys ausmachen!
"das Haus, -ä, er",,In welchem Haus wohnst du?/Ich gehe jetzt nach Hause./Paul ist nicht zu Hause.
"die Hausaufgabe,-n",家庭作业,Kannst du mir bei den Hausaufgaben helfen?
"die Hausfrau, -en/",,"Die Hausfrau/der Hausmann wäscht, kocht und kauft ein."
der Hausmann,,
die Heimat,家乡，故乡,Ich komme aus der Schweiz. Das ist meine Heimat.
heiraten,结婚,Meine Schwester heiratet einen Japaner.
heißen,,Ich heiße Charlotte Meier./Wie heißt das auf Deutsch?
helfen,,"Können Sie mir helfen, bitte?"
hell,光亮，明亮,Im Sommer ist es bis 21 Uhr hell.
der Herd,,In der neuen Küche fehlt noch der Herd.
"der Herr, -en",,"Guten Tag, Herr Sommer!"
herzlich,,Herzlichen Glückwunsch!
heute,,Heute ist ein schöner Tag.
hier,,"Hier ist 06131-553221, Pamela Linke./Hier wohne ich."
die Hilfe,,Hilfe! Bitte helfen Sie mir!/Brauchen Sie meine Hilfe?
hinten,背面,Die Tür zum Aussteigen ist hinten.
"das Hobby, -s",,Meine Hobbys sind Wandern und Schwimmen.
hoch,,Der Mount Everest ist 8.880 Meter hoch.
die Hochzeit,,Zur dieser Hochzeit kommen mehr als fünfzig Gäste.
holen,接，取，拿,Ich hole zwei Flaschen Wasser aus der Küche.
hören,,Hör mal! Was ist das?/Ich habe das Lied schon mal gehört.
"das Hotel, -s",,Im Urlaub sind wir in einem Hotel am Meer.
"der Hund, -e",,Der Hund ist noch jung.
der Hunger,,Ich habe Hunger! Wann ist das Essen fertig?
ich,,Ich heiße Veronika.
ihr/ihm/ihn,,Gib ihr/ihm bitte das Buch./Ruf ihn bitte an.
immer,"始终,经常,总是,老是 ",Frau Bast kommt immer zu spät.
in,,"Ich wohne in Wiesbaden./Der Zug kommt in fünf Minuten./Frau Rausch arbeitet in einem Geschäft./Komm, wir gehen ins Kino."
"die Information, -en",,"Wenn Sie Fragen haben, gehen Sie zur Information./Wir haben hier wichtige Informationen für Sie."
international,,"Unser Deutschkurs ist international: Silvana kommt aus Italien, Conchi aus Spanien, Yin aus China …"
das Internet,,Das findest du im Internet.
ja,,Sind Sie Herr Watanabe? – Ja.
"die Jacke, -n",,Zieh dir eine Jacke an. Es ist kalt.
jed-,每个,Blumen kannst du in jedem Bahnhof kaufen.
jetzt,,Jetzt machen wir eine Pause.
"der Job, -s",,Jenny hat einen neuen Job bei der Post.
"der Jugendliche, -n",青年人,Viele Jugendliche kaufen gern ein.
jung,,Claudia ist 21. – Was? Noch so jung?
"der Junge, -n",,Ich habe zwei Kinder. Einen Jungen und ein Mädchen.
der Kaffee,,Zum Frühstück trinke ich immer Kaffee.
kaputt,,Das Glas war teuer. Es geht sehr leicht kaputt.
"die Karte, -n",,"Ich schreibe meinen Bekannten eine Karte aus dem Urlaub./Wollen wir Karten spielen?/Ich möchte auch etwas essen. Bringen Sie mir die Karte,
bitte."
"(Kredit)-Karte, -n",,Kann ich auch mit Karte (be-) zahlen?
"die Kartoffel, -n",,Für Pommes frites braucht man Kartoffeln.
die Kasse,收银台,Zahlen Sie bitte an der Kasse.
kaufen,,Tim kauft sich ein neues Auto.
kein,,Es gibt keine Eintrittskarten mehr.
kennen,,"Kennen Sie diese Frau? – Nein, leider nicht."
kennenlernen,认识，结识,Wir sind neu hier. Wir möchten Sie kennenlernen.
"das Kind, -er",,Wie viele Kinder haben Sie?
der Kindergarten,,Die kleine Laura geht schon in den Kindergarten.
"das Kino, -s",,Wir sehen heute Abend im Kino einen schönen Film.
der Kiosk,售货亭,"Am Kiosk bekommen Sie Getränke, Zigaretten und Zeitungen."
klar,,Kommst du mit? – Klar!
die Klasse,,In unserer Klasse sind fünfundzwanzig Schüler./Im Zug fahre ich immer 2. Klasse.
die Kleidung,,"Wo finde ich Kleidung? – Jacken im ersten, Jeans im zweiten Stock."
klein,,Eltville ist eine kleine Stadt am Rhein.
kochen,烹饪，做菜,Herr Georgi kann gut kochen.
"der Koffer, –",箱子，行李箱,Ist das Ihr Koffer?
"der Kollege, -n",,Wie heißt die neue Kollegin?
kommen,,Woher kommen Sie? – Aus Frankreich./Kommst du mit ins Schwimmbad?
können,,Ich kann Deutsch und Russisch./Können Sie mir helfen?
das Konto,账目，账户,Das Geld überweisen wir am ersten März auf Ihr Konto.
der Kopf,,Mein Kopf tut weh!
kosten,,Wie viel kostet das? – 10 Euro.
krank,,"Ich kann heute nicht zur Arbeit kommen, ich bin krank und liege im Bett."
kriegen,得到，获得,Ich kriege 15 Euro in der Stunde für meine Arbeit.
die Küche,,Der neue Herd kommt in die Küche.
der Kuchen,,Ich nehme ein Stück Kuchen.
der Kugelschreiber,,Hast du einen Kugelschreiber für mich?
der Kühlschrank,,"Haben wir noch Milch? – Ja, im Kühlschrank."
kulturell,文化的,Ich bin kulturell interessiert. Ich gehe oft ins Museum.
sich kümmern,关心，操心,Jede Mutter kümmert sich um ihre kleinen Kinder.
"der Kunde, -n",顾客,"Einen Moment, bitte. Ich habe eine Kundin."
"der Kurs, -e",,Der Deutschkurs geht bis zum Sommer.
kurz,,Ricardo hat kurzes Haar.
lachen,笑,Die Kinder lachen viel.
"der Laden, -ä",邀请,Im Buchladen können Sie Bücher kaufen.
"das Land, -ä, er",,Italien ist ein schönes Land.
lang,,Die Jeans ist zu lang.
lange,,Wie lange fährt der Zug von Hamburg nach Berlin?
langsam,,Könnten Sie bitte etwas langsamer sprechen?
laufen,奔跑，走路,"Ich möchte nicht Auto fahren, ich möchte laufen."
laut,,Nicht so laut! Das Baby schläft.
leben,,Sie lebt bei ihrer Schwester./Ihre Eltern leben nicht mehr
das Leben,生命，生活,Das Leben in diesem Land ist teuer.
die Lebensmittel(pl.),食品,Lebensmittel bekommen Sie im Supermarkt.
ledig,单身的，未婚的,Sind Sie verheiratet? – Nein. Ledig.
legen,,Legen Sie das Buch auf den Tisch.
"der Lehrer, –",,Unsere Deutschlehrerin heißt Frau Müller.
leicht,容易，轻的,Der Koffer ist leicht./Deutsch ist nicht leicht.
leider,"可惜,遗憾,不幸",Leider kann ich nicht kommen. Ich muss zum Arzt.
leise,小声，,Seid leise. Die anderen schlafen schon.
lernen,,Wie lange lernen Sie schon Deutsch?
lesen,,Ich lese ein Buch von García Márquez.
letzt-,最后的,Morgen ist der letzte Kurstag.
die Leute (pl.),人，人们,In der Disko sind viele Leute.
das Licht,灯，光,Wo macht man hier das Licht an?
lieb-,,"Liebe Susanne, lieber Hans,"
lieben,,Ich liebe dich!
lieber,更喜欢，比较级,Sie fährt lieber mit der Bahn.
Lieblings-,最喜欢的,Mein Lieblingsfilm ist Schwarze Augen.
"das Lied, -er",歌曲,Welches ist dein Lieblingslied?
liegen,,Um neun Uhr liegt Judith noch im Bett./Frankfurt liegt am Main.
links,,Gehen Sie die nächste Straße links.
"der Lkw, -s",载重汽车,Dieser Lastkraftwagen ist sehr groß.
das Lokal,当地的，本地的,In unserer Straße gibt es ein neues Lokal.
"die Lösung, -en",解答，答案,Die Lösung ist ganz einfach.
lustig,有趣的,Frau Mertens ist lustig. Sie lacht immer.
machen,,Was machst du heute Abend?/Ich muss jetzt das Essen machen./Das macht 5 Euro 95./Das macht nichts.
"das Mädchen, –",女孩,Familie Kurz bekommt ein Baby. – Junge oder Mädchen?
man,,Hier darf man nicht rauchen.
"der Mann, -ä, er",,Mein Mann arbeitet bei der Polizei.
männlich,男性,Kreuzen Sie bitte an: weiblich oder männlich.
"die Maschine, -n",,Die Waschmaschine ist günstig.
das Meer,,Wir machen Urlaub am Meer.
mehr,,Dieses Auto kostet 1.000 Euro mehr als das andere.
mein,,Mein Vater ist Arzt.
meist-,大多数的，大部分的,Die meisten Norddeutschen sind sehr groß.
"der Mensch, -en",,Die Menschen sind hier anders als bei uns.
mieten,租，租用,Ich möchte ein Auto mieten.
die Miete,,Die Miete für diese Wohnung ist 600 Euro.
die Milch,,Die Milch steht im Kühlschrank.
mit,,Trinken Sie den Kaffee mit Milch?
mitbringen,"带来,领来,捎来",Ich gehe einkaufen. Soll ich dir was mitbringen?
mitkommen,"同来,同去",Ich gehe ins Kino. Kommst du mit?
mitmachen,一起做，参与,Warum macht ihr nicht mit?
mitnehmen,携带，带走，拿走,Nehmen wir meine Schwester ins Kino mit?
die Mitte,,Der Lehrer steht in der Mitte des Klassenzimmers.
die Möbel (pl.),家具,Sind die Möbel neu?
möchten,要,Was möchten Sie trinken?
mögen,想，愿意,Magst du Kaffee oder Tee?
möglich,可能，可行,Mit dieser Fahrkarte ist die Fahrt ab 9 Uhr möglich.
der Moment,,Moment mal bitte!/Einen Moment bitte.
morgen,,Morgen beginnt die Schule um 10 Uhr.
müde,,Ich bin müde. Ich gehe schlafen.
der Mund,嘴巴,öffnen Sie den Mund.
müssen,,Ich muss jeden Tag von 8 Uhr bis 18 Uhr arbeiten.
"die Mutter, -ü",,Frau Berghäuser ist die Mutter von Michaela.
nach,,Ich gehe jetzt nach Hause./Ich fliege nach München./Es ist schon 5 nach 12.
nächst-,,Sehen wir uns nächste Woche?
"der Name, -n",,Mein Name ist Thomas Schmidt./Mein Vorname ist Thomas; Schmidt ist der Familienname.
nehmen,拿，取，搭乘,Heute gibt es Hühnchen. Das nehme ich./Ich nehme den Bus.
nein,,"Fährst du auch nach München? – Nein, ich habe keine Zeit."
neu,,Ich bin der neue Kollege./Wir haben eine neue Wohnung.
nicht,,"Das stimmt nicht./Das ist doch schön, nicht?"
nichts,什么也没有，一点也不,Das macht nichts./Hier kaufe ich nichts. Der Laden gefällt mir nicht.
nie,从不,Er kommt nie pünktlich.
noch,仍然，还，更，还要，也许,Vielleicht kommt er noch./Wir warten noch fünf Minuten./Ich habe noch 20 Euro.
normal,正常，标准,75 kg. Sein Gewicht ist normal.
"die Nummer, -n",,Sie haben Zimmer Nummer zwölf./Welche Hausnummer haben Sie?/Können Sie mir Ihre Nummer geben?
nur,仅，只,Ich möchte nur ein Glas Wasser.
oben,上面，上方,Ich wohne oben.
das Obst,,Im Sommer ist das Obst billig.
oder,,Wann können Sie kommen – heute oder morgen?
öffnen,,Ich öffne die Tür.
geöffnet,,Der Laden ist samstags bis 16.00 Uhr geöffnet.
oft,,Petra treffe ich oft.
ohne,"没有,无,不包括",Ohne Geld kann er nichts kaufen.
das Öl,,Den Salat machen wir ohne Öl.
"die Oma, -s",,Meine Oma ist schon tot.
"der Opa, -s",,Mein Opa heißt Hans.
die Ordnung,整理，整齐,Das ist in Ordnung. 没关系
"der Ort, -e",,Der Ort liegt am Meer.
das Papier,,Hier sind Papier und Bleistift.
die Papiere (pl.),,Haben Sie Ihre Papiere dabei?
"der Partner, -/",,Sie ist meine Partnerin.
"die Partnerin, -nen",,
die Party,,Heute Abend machen wir eine Party.
"der Pass, -ä, e",护照,Im Hotel brauchst du deinen Pass.
"die Pause, -n",,Von 12.00 bis 12.30 Uhr haben wir Mittagspause.
"der Plan, -ä, e",规划，图纸,Ich kaufe mir einen Stadtplan.
"der Platz, -ä, e",座位，广场，地方，职位,"Tut mir leid, der Platz ist besetzt./Bitte nehmen Sie Platz!/Ich wohne Messeplatz 5."
die Polizei,,Holen Sie die Polizei!
die Pommes frites (pl.),油炸土豆条,Die Kinder essen Hühnchen mit Pommes frites.
die Post,,"Wo ist die Post, bitte?/Ist Post da?"
die Postleitzahl,,Wie ist Ihre Postleitzahl?
das Praktikum,校外实习,Ich mache ein Praktikum bei Siemens.
die Praxis,练习，诊所,Die Praxis ist ab acht Uhr geöffnet.
"der Preis, -e",,Die Preise sind hoch.
"das Problem, -e",,Mein Problem ist die Sprache.
"der Prospekt, -e",小册子,Bitte schicken Sie mir einen Prospekt von Ihrem Hotel.
die Prüfung,考试,Die Prüfung ist am Montag um 8.00 Uhr.
pünktlich,,Der Bus fährt pünktlich um acht Uhr./Herr Müller ist immer pünktlich.
Rad fahren,骑自行车,Das Kind kann schon Rad fahren.
rauchen,吸烟,Ich rauche nicht.
"der Raum, -ä, e",房间，屋子,Der Unterricht ist in Raum 332.
"die Rechnung, -en",账单,"Die Rechnung, bitte."
rechts,,Die Schillerstraße ist hier rechts.
regnen,,Heute regnet es.
der Regen,,Bei diesem Regen gehe ich nicht raus.
der Reis,,Ich esse gern Reis.
reisen,,Ich reise gern.
die Reise,,Wir machen eine Reise nach Österreich.
"das Reisebüro, -s",,Mein Mann arbeitet im Reisebüro.
der Reiseführer,导游,Ich kaufe mir einen Reiseführer von Berlin./Unser Reiseführer heißt Peter.
reparieren,,Er hat das Fahrrad repariert.
die Reparatur,修理，修复,Die Reparatur ist sehr teuer.
"das Restaurant, -s",,Wir essen heute in einem Restaurant.
die Rezeption,前台，服务处,Fragen Sie bitte im Hotel an der Rezeption.
richtig,,Habe ich das richtig verstanden?/Das ist richtig.
riechen,闻 气味,Dieser Wein riecht gut.
ruhig,平静的，安静的,Ich möchte ein ruhiges Zimmer.
der Saft,,Möchtest du einen Apfelsaft?
sagen,说，讲，告诉,"Sag mal, wie geht es dir denn?"
der Salat,,Wie schmeckt dir der Salat?
das Salz,盐,"Herr Ober, kann ich bitte Salz haben?"
"Satz, -ä, e",句子,Dieser Satz ist sehr einfach.
die S-Bahn,,Ich nehme lieber die S-Bahn.
der Schalter,开关，窗口,Gehen Sie bitte zum Schalter drei!
scheinen,照耀，发光,Die Sonne scheint.
schicken,,Bitte schicken Sie mir eine E-Mail.
"das Schild, -er",牌子，标签,Haben Sie nicht das Schild gesehen?
"der Schinken, –",,Ich möchte gern ein Schinkenbrot.
schlafen,,Ich schlafe meistens acht Stunden.
schlecht,坏的，不理想的,Mir ist schlecht!/Sie sehen schlecht aus./Wir haben schlechtes Wetter.
schließen,,"Bitte, schließen Sie die Tür."
geschlossen,封闭，关闭,Die Bank hat am Samstag geschlossen.
der Schluss,结尾，终结,Ich muss jetzt Schluss machen./Zum Schluss gibt er uns allen die Hand.
"der Schlüssel, –",,Ich gebe Ihnen noch den Zimmerschlüssel.
schmecken,,Schmeckt das gut?
schnell,,Er fährt schnell.
schon,就，已经,Ist das Essen schon fertig?
schön,,Schönen Urlaub!/Das ist sehr schön.
"der Schrank, -ä, e",,Die Gläser stehen im Schrank.
schreiben,,Er schreibt jeden Tag fünfzig E-Mails.
"der Schuh, -e",,Zieh die Schuhe aus!
die Schule,,Meine Tochter geht schon in die Schule./Die Schule ist gleich hier um die Ecke.
"der Schüler, –",,In meinem Kurs sind acht Schülerinnen und fünf Schüler.
schwer,有…重量的，沉重的,Ist Ihr Gepäck sehr schwer?/Das ist eine schwere Arbeit.
"die Schwester, -n",,Meine Schwester kommt am Dienstag.
schwimmen,,Ich schwimme jeden Tag einen Kilometer.
das Schwimmbad,,Kommst du mit ins Schwimmbad?
der See,,"Komm, wir fahren zum Starnberger See."
sehen,,Ich kann dich nicht sehen./Ich habe diesen Jungen schon einmal gesehen.
"die Sehenswürdigkeit, -en",景象，景点,Welche Sehenswürdigkeiten gibt es in Frankfurt?
sehr,非常，很多,Danke sehr!/Das ist sehr schwer.
sein,,Herr Müller ist in seinem Zimmer./Mir ist kalt./Ich bin dreiundzwanzig.
an sein,,Das Licht ist noch an.
auf sein,,Das Fenster ist noch auf.
weg sein,,Herr Meier ist schon weg.
zu sein,,Die Tür ist zu.
seit,自从，自…以来,Ich wohne seit drei Jahren in Köln.
selbstständig,自主的，独立的,Er ist selbstständig.
sich,自己，本身,Sie müssen sich erst anmelden.
sie,,Wie heißt sie?
Sie,,"Wie heißen Sie, bitte?"
sitzen,坐，住，处于,Wo sitzen Sie?
so,如此，这样，那么,"Sie müssen das so machen!/Fahren Sie bitte nicht so schnell!/Meine Frau ist so groß wie ich./So, das war‘s/wär‘s!"
das Sofa,,Das Sofa ist neu.
sofort,立即，马上,Bitte antworten Sie sofort.
"der Sohn, -ö, e",,"Das ist Hans, mein Sohn."
sollen,应当,Soll ich kommen?/Was soll ich mitbringen?
die Sonne,,Die Sonne scheint.
spät,迟的，晚的,"Es ist schon spät, ich muss gehen."
später,今后的，后来的，以后,Das können wir später machen.
die Speisekarte,菜单,"Bringen Sie mir die Speisekarte, bitte."
spielen,,Die Kinder spielen draußen./Spielen Sie Karten?
der Sport,,Ich mache viel Sport.
"die Sprache, -n",,Welche Sprachen sprichst du?
sprechen,,Kann ich (mit) Herrn Klein sprechen?
"die Stadt, -ä, e",,Heidelberg ist eine alte Stadt.
stehen,,"Ich glaube es nicht, aber es steht in der Zeitung./Der Bus steht schon an der Haltestelle."
"die Stelle, -n",位置，职务,Ich habe eine neue Stelle.
stellen,,Stell die Tasche rechts in die Ecke!
der Stock,,Unsere Wohnung liegt im ersten Stock.
"die Straße, -n",,In welcher Straße wohnen Sie?
die Straßenbahn,,Wo fährt die Straßenbahn ab?
studieren,,Ich studiere in Mainz.
das Studium,（大学）学习，学业,Das Studium beginnt im Oktober.
"der Student, -en",,Ich bin Studentin.
"die Stunde, -n",一小时，课时,Ich bin in einer Stunde zurück.
suchen,,Suchst du etwas?
tanzen,跳舞,Tanzen Sie gern?
"die Tasche, -n",衣袋，口袋，手提包,Ich habe die Schlüssel in der Tasche.
"das Taxi, -s",,Es gibt heute keinen Bus mehr. Er fährt mit dem Taxi.
der Tee,,Ich trinke morgens immer Tee.
"der Teil, -e",份，份额,Lies bitte auch den zweiten Teil.
telefonieren,打电话，通电话,Darf ich mal telefonieren?
das Telefon,,Haben Sie Telefon?
"der Termin, -e",,Am besten machen wir sofort einen Termin.
der Test,,Der Test war einfach.
teuer,,Das ist mir zu teuer.
"der Text, -e",,Lesen Sie bitte diesen Text.
das Thema,主题，课题,Wir sprechen heute über das Thema Essen und Trinken.
"das Ticket, -s",,Wie viel kostet das Ticket?
"der Tisch, -e",,Die Fotos liegen auf dem Tisch.
"die Tochter, -ö",,Das ist meine Tochter Katharina.
"die Toilette, -en",,"Wo ist die Toilette, bitte?"
"die Tomate, -n",,Die Tomate ist noch grün.
tot,死去的，枯萎的,Sein Vater ist schon lange tot.
(sich) treffen,,Ich treffe in der Stadt einen Kollegen./Wir treffen uns immer freitags.
"die Treppe, -n",,Die Toilette? Die Treppe hoch und dann links.
trinken,,Möchtest du etwas trinken?
tschüss,,Junge Leute sagen meistens tschüss! und nicht auf Wiedersehen.
tun,行为，做,Ich habe noch etwas zu tun./Was tut Ihr Mann?
über,,Gehen Sie hier über die Straße./Er wohnt im zweiten Stock über Familie Meier./Sind Sie über 18?
übernachten,过夜,Du kannst bei mir übernachten.
überweisen,汇款,Sie können das Geld auch überweisen.
die Uhr,,Es ist vier Uhr.
um,,Er kommt um sieben Uhr./Da kommt er gerade um die Ecke.
umziehen,搬家，搬运,Nächsten Monat ziehen wir um.
und,,Peter und Helmut sind meine Söhne.
unser-,,Das ist unsere Lehrerin.
unten,"下面,底下,下端,下边",Er wohnt ganz unten im Haus.
unter,,Unter uns wohnt eine Familie mit drei Kindern.
der Unterricht,课程,Wir haben Unterricht von 8.00 bis 12.00 Uhr.
unterschreiben,在（上面）签字，在（下面）署名,Wo muss ich unterschreiben?
die Unterschrift,署名，签名,Hier fehlt noch Ihre Unterschrift.
der Urlaub,,Ich nehme im September Urlaub.
"der Vater, -ä",,Mein Vater ist Arbeiter.
verboten,禁止的,Hier ist Rauchen verboten.
verdienen,"挣,赚",Ich verdiene 1.500 Euro im Monat.
der Verein,协会，联合会，社团,Es gibt einen neuen Sportverein in der Stadt.
verheiratet,,Ich bin verheiratet und habe drei Kinder.
verkaufen,卖，出售,Er verkauft sein altes Auto.
"der Verkäufer, –",,Meine Mutter ist Verkäuferin im Kaufhaus.
vermieten,出租,Die Wohnung ist schon vermietet.
der Vermieter,房东,Unser Vermieter heißt Huber. Er wohnt auch hier.
verstehen,清楚，明白，理解,Können Sie mich verstehen?
"der Verwandte, -n","亲戚,亲属,亲人",Peter besucht seine Verwandten in Polen.
viel,,Hier regnet es viel.
vielleicht,也许，可能，大约,Ich komme vielleicht mit dem Bus.
von,从…来，从…开始,Das Auto von Felix ist kaputt./Er kommt gerade von Köln/von zu Hause.
vor,在前面，由于，因为,Der Termin war vor einer Stunde./Das Auto steht vor der Tür.
"der Vorname, -n",,"Ich heiße Müller, mein Vorname ist Eva."
die Vorsicht,,Vorsicht! Da kommt ein Auto.
(sich) vorstellen,把…向前领，介绍,Wir wollen uns kennenlernen. Können Sie sich bitte vorstellen?
die Vorwahl,预选，区号,Wie ist die Vorwahl von München?
wandern,徒步,Wir wandern um den Chiemsee.
wann,,Wann bist du fertig?/Wann kann ich Sie anrufen?/Wann sind Sie geboren?
warten,,Können Sie ein paar Minuten warten?/Auf wen warten Sie?
warum,为什么,Warum kommt er nicht?
was,,Was ist das?/Was möchten Sie?
was für ein,,Was für eine Farbe möchten Sie?
(sich) waschen,洗，冲洗,Wo kann ich mir die Hände waschen?/Ich muss morgen waschen.
das Wasser,,"Ein Glas Wasser, bitte."
weh tun,,Ich muss zum Arzt. Mein Bein tut weh.
weiblich,,Kreuzen Sie bitte an: weiblich oder männlich.
der Wein,,"Nein danke, ich möchte keinen Wein."
weit,广阔，辽阔，宽大,Zum Bahnhof ist es nicht weit.
weiter,weit 比较级,Der Bus fährt nicht weiter.
welch-,,Welches Buch möchtest du?
die Welt,世界,Es gibt viele Probleme auf der Welt.
wenig,少数，少量,Ich habe leider nur wenig verstanden./Er verdient wenig.
wer,,Wer ist das?
werden,成为，进展,Mein Sohn will Arzt werden.
das Wetter,天气,Wir hatten schlechtes Wetter.
wichtig,重要的，严重的,Dieses Formular ist sehr wichtig.
wie,,Wie heißt du?/Er schreibt wie ein Kind./Meine Frau ist so groß wie ich./Wie soll ich das machen?/Wie groß ist die Wohnung?/Wie bitte?/Wie lange bist du schon hier?
wiederholen,取回，复习，重复,Können Sie das bitte wiederholen?
das Wiederhören,,Wir müssen jetzt Schluss machen.Also auf Wiederhören!
das Wiedersehen,,Auf Wiedersehen!
wie viel,,Wie viel Milch nehmen Sie?
willkommen,,Herzlich willkommen!
der Wind,,Der Wind kommt aus Osten.
wir,,Wir lernen Deutsch.
wissen,知道，了解,"Weißt du, wie er heißt?"
wo,,Wo waren Sie im Urlaub?/Wo ist die Post?/Wo sind Sie geboren?
woher,,Woher kommen Sie?
wohin,到哪儿,Wohin fährt dieser Bus?/Wohin wollen Sie am Wochenende?
wohnen,,Ich wohne in München.
"die Wohnung, -en",,Seit wann haben Sie diese Wohnung?
wollen,,Wollen Sie einen Kaffee trinken?
"das Wort, -ö, er/-e",,Ich kenne das Wort nicht.
wunderbar,奇妙的，不可思议的,Das Essen schmeckt wunderbar.
zahlen,付款，支付,"Zahlen, bitte!"
die Zeit,,Ich habe heute keine Zeit.
zurzeit,现在，目前,Zurzeit habe ich sehr viel zu tun.
"die Zeitung, -en",,Ich lese gern Zeitung.
"die Zigarette, -n",香烟,Wie teuer sind die Zigaretten?
"das Zimmer, –",,"Das Zimmer ist groß./öffne im Schlafzimmer das Fenster, bitte!/Die Wohnung hat drei Zimmer./Ich habe ein Zimmer bestellt."
der Zoll,海关，税,Wir müssen noch durch den Zoll.
zu,,Der Bus fährt zum Bahnhof./Ich gehe zu Fuß./Ich bin zu Hause.
zufrieden,满意的,Ich bin mit der Wohnung zufrieden.
"der Zug, -ü, e",,Ich fahre gern mit dem Zug.
zurück,向后，返回,Einmal Frankfurt und zurück./Wann kommst du zurück?
zusammen,共同，合计,Sollen wir zusammen essen gehen?/Das macht zusammen 2 Euro 80.
zwischen,,Heidelberg liegt zwischen Frankfurt und Stuttgart./Zwischen 8 und 10 Uhr bin ich zu Hause.
eins,,
zwei,,
drei,,
vier,,
fünf,,
sechs,,
sieben,,
acht,,
neun,,
zehn,,
elf,,
zwölf,,
dreizehn,,
vierzehn,,
fünfzehn,,
sechzehn,,
siebzehn,,
achtzehn,,
neunzehn,,
zwanzig,,
einundzwanzig,,
dreißig,,
vierzig,,
fünfzig,,
sechzig,,
siebzig,,
achtzig,,
neunzig,,
(ein)hundert,,
hunderteins,101,
zweihundert,,
(ein)tausend,,
"eine Million, =en",,
"eine Milliarde, =en",,
erste,,
zweite,,
dritte,,
vierte,,
ein halb; halb,1/2,
ein Viertel; Viertel,1/4,
neunzehnhundertneunundneunzig,1999,
zweitausendvierzehn,2014,
heute ist der erste März/der erste Dritte,3月1日,heute ist der 1. März
"Berlin, 12. April 2002",,"Berlin, zwölfter Vierter zweitausendzwei"
0.03 Uhr,,null Uhr drei
7.15 Uhr,,sieben Uhr fünfzehn
13.17 Uhr,,dreizehn Uhr siebzehn
24.00 Uhr,,vierundzwanzig Uhr
ein Uhr,,
fünf Minuten vor/nach eins,,
Viertel vor/nach zwei,,
halb drei,,
"die Sekunde, -n",秒,
"die Minute, -n",分钟,
"die Stunde, -n",小时,
"der Tag, -e",,
"die Woche, -e",,
"das Jahr, -e",,
"der Wochentag, -e",,
der Sonntag,,
der Montag,,
der Dienstag,,
der Mittwoch,,
der Donnerstag,,
der Freitag,,
der Samstag/Sonnabend,,
das Wochenende,,
am Wochenende,,
der Tag,,
der Morgen,,
"der Vormittag,-e",,
der Mittag,,
"der Nachmittag,-e",,
"der Abend,-e",,
"die Nacht,¨-e",,
der Januar,,
der Februar,,
der März,,
der April,,
der Mai,,
der Juni,,
der Juli,,
der August,,
der September,,
der Oktober,,
der November,,
der Dezember,,
der Frühling/das Frühjahr,,
der Sommer,,
der Herbst,,
der Winter,,
1 Euro,,
100 Cent,,
ein Meter,1 m,
ein Zentimeter,1 cm,
ein Meter fünfzehn,"1,15 m",
zweihundert Kilometer,200 km,
ein Quadratmeter,一平米,
ein Grad unter Null/minus ein Grad,– 1°,
vier Grad über Null/plus vier Grad,+ 4°,
ein Prozent,1 %,
ein Liter,1 I,
ein Gramm,1 g,
ein Pfund,500 g,
ein Kilo(gramm),1 kg,
Deutschland,,
"der/die Deutsche, -n",,
"ein Deutscher, eine Deutsche, Deutsche,",,
deutsch,,
Europa,,
Europäer,,
europäisch,,
"Türkei, Türke/Türkin, -nen, türkisch",,
"Finnland, Finne/Finnin, -nen, finnisch",,
"Mexiko, Mexikaner/Mexikanerin, -nen, mexikanisch",,
schwarz,,
weiß,,
grau,,
blau,,
grün,,
rot,,
gelb,,
braun,,
der Norden,北,
der Süden,南,
der Westen,西,
der Osten,东,
